,modelo,parametros,rmse,nlpd,fold,tentativa
0,RBFLinearRegression,"{'sig2_error': 0.3765747233241852, 'mean_rbf_arbitrario': -0.005204231139561255, 'lambda_rbf_arbitrario': 0.4565038121440168}",3505.897987833591,17.783700917452357,0,0.0
1,RBFLinearRegression,"{'sig2_error': 0.3765747233241852, 'mean_rbf_arbitrario': -0.005204231139561255, 'lambda_rbf_arbitrario': 0.4565038121440168}",3563.215254987841,17.773498681209773,1,0.0
2,RBFLinearRegression,"{'sig2_error': 0.3765747233241852, 'mean_rbf_arbitrario': -0.005204231139561255, 'lambda_rbf_arbitrario': 0.4565038121440168}",3966.3230252934354,17.720653310431004,2,0.0
3,RBFLinearRegression,"{'sig2_error': 0.3765747233241852, 'mean_rbf_arbitrario': -0.005204231139561255, 'lambda_rbf_arbitrario': 0.4565038121440168}",3503.351303668552,17.784360008867605,3,0.0
4,RBFLinearRegression,"{'sig2_error': 0.3765747233241852, 'mean_rbf_arbitrario': -0.005204231139561255, 'lambda_rbf_arbitrario': 0.4565038121440168}",3682.5469035164733,17.757356335487344,4,0.0
5,RBFLinearRegression,"{'sig2_error': 0.5544957417682532, 'mean_rbf_arbitrario': -0.26854503938455765, 'lambda_rbf_arbitrario': 0.5054416206974451}",3478.3997046630047,17.977171891185137,0,1.0
6,RBFLinearRegression,"{'sig2_error': 0.5544957417682532, 'mean_rbf_arbitrario': -0.26854503938455765, 'lambda_rbf_arbitrario': 0.5054416206974451}",3535.8530123314677,17.966969085401118,1,1.0
7,RBFLinearRegression,"{'sig2_error': 0.5544957417682532, 'mean_rbf_arbitrario': -0.26854503938455765, 'lambda_rbf_arbitrario': 0.5054416206974451}",3941.1710833202696,17.91412436929511,2,1.0
8,RBFLinearRegression,"{'sig2_error': 0.5544957417682532, 'mean_rbf_arbitrario': -0.26854503938455765, 'lambda_rbf_arbitrario': 0.5054416206974451}",3471.29076862643,17.97782952940444,3,1.0
9,RBFLinearRegression,"{'sig2_error': 0.5544957417682532, 'mean_rbf_arbitrario': -0.26854503938455765, 'lambda_rbf_arbitrario': 0.5054416206974451}",3649.97616195311,17.95082768859681,4,1.0
10,RBFLinearRegression,"{'sig2_error': 0.6299079778017523, 'mean_rbf_arbitrario': 0.9662653616608325, 'lambda_rbf_arbitrario': 0.40619343078901754}",3536.8696362487754,18.04092838493453,0,2.0
11,RBFLinearRegression,"{'sig2_error': 0.6299079778017523, 'mean_rbf_arbitrario': 0.9662653616608325, 'lambda_rbf_arbitrario': 0.40619343078901754}",3593.9661577185266,18.030726683853036,1,2.0
12,RBFLinearRegression,"{'sig2_error': 0.6299079778017523, 'mean_rbf_arbitrario': 0.9662653616608325, 'lambda_rbf_arbitrario': 0.40619343078901754}",3994.9849379916845,17.977880567384656,2,2.0
13,RBFLinearRegression,"{'sig2_error': 0.6299079778017523, 'mean_rbf_arbitrario': 0.9662653616608325, 'lambda_rbf_arbitrario': 0.40619343078901754}",3538.541203354971,18.041589020001243,3,2.0
14,RBFLinearRegression,"{'sig2_error': 0.6299079778017523, 'mean_rbf_arbitrario': 0.9662653616608325, 'lambda_rbf_arbitrario': 0.40619343078901754}",3718.8600719849983,18.014583320529354,4,2.0
15,RBFLinearRegression,"{'sig2_error': 0.6456192482685335, 'mean_rbf_arbitrario': -0.13895712025051998, 'lambda_rbf_arbitrario': 0.2613702375280585}",3636.8245786222337,18.053245851331972,0,3.0
16,RBFLinearRegression,"{'sig2_error': 0.6456192482685335, 'mean_rbf_arbitrario': -0.13895712025051998, 'lambda_rbf_arbitrario': 0.2613702375280585}",3689.804824266962,18.04304578557864,1,3.0
17,RBFLinearRegression,"{'sig2_error': 0.6456192482685335, 'mean_rbf_arbitrario': -0.13895712025051998, 'lambda_rbf_arbitrario': 0.2613702375280585}",4088.987365856821,17.99019570208225,2,3.0
18,RBFLinearRegression,"{'sig2_error': 0.6456192482685335, 'mean_rbf_arbitrario': -0.13895712025051998, 'lambda_rbf_arbitrario': 0.2613702375280585}",3643.108133730087,18.053911302820737,3,3.0
19,RBFLinearRegression,"{'sig2_error': 0.6456192482685335, 'mean_rbf_arbitrario': -0.13895712025051998, 'lambda_rbf_arbitrario': 0.2613702375280585}",3831.2112126396414,18.026898621129874,4,3.0
20,RBFLinearRegression,"{'sig2_error': 0.4489809028300499, 'mean_rbf_arbitrario': -0.301019528768657, 'lambda_rbf_arbitrario': 0.6112451692283958}",3428.4019158853025,17.871633573486633,0,4.0
21,RBFLinearRegression,"{'sig2_error': 0.4489809028300499, 'mean_rbf_arbitrario': -0.301019528768657, 'lambda_rbf_arbitrario': 0.6112451692283958}",3484.951600919296,17.861429635159507,1,4.0
22,RBFLinearRegression,"{'sig2_error': 0.4489809028300499, 'mean_rbf_arbitrario': -0.301019528768657, 'lambda_rbf_arbitrario': 0.6112451692283958}",3895.4797178680956,17.808585764649294,2,4.0
23,RBFLinearRegression,"{'sig2_error': 0.4489809028300499, 'mean_rbf_arbitrario': -0.301019528768657, 'lambda_rbf_arbitrario': 0.6112451692283958}",3410.759640442307,17.872288190618523,3,4.0
24,RBFLinearRegression,"{'sig2_error': 0.4489809028300499, 'mean_rbf_arbitrario': -0.301019528768657, 'lambda_rbf_arbitrario': 0.6112451692283958}",3589.0606840115092,17.845290023342674,4,4.0
25,RBFLinearRegression,"{'sig2_error': 0.5039943181169377, 'mean_rbf_arbitrario': -0.3004238017820296, 'lambda_rbf_arbitrario': 0.7227985046025065}",3387.7291387372707,17.929426497487224,0,5.0
26,RBFLinearRegression,"{'sig2_error': 0.5039943181169377, 'mean_rbf_arbitrario': -0.3004238017820296, 'lambda_rbf_arbitrario': 0.7227985046025065}",3442.560156345512,17.919221318673547,1,5.0
27,RBFLinearRegression,"{'sig2_error': 0.5039943181169377, 'mean_rbf_arbitrario': -0.3004238017820296, 'lambda_rbf_arbitrario': 0.7227985046025065}",3858.37359222698,17.86637796942081,2,5.0
28,RBFLinearRegression,"{'sig2_error': 0.5039943181169377, 'mean_rbf_arbitrario': -0.3004238017820296, 'lambda_rbf_arbitrario': 0.7227985046025065}",3359.2742100467676,17.93007801680667,3,5.0
29,RBFLinearRegression,"{'sig2_error': 0.5039943181169377, 'mean_rbf_arbitrario': -0.3004238017820296, 'lambda_rbf_arbitrario': 0.7227985046025065}",3537.7051113068424,17.903083408228646,4,5.0
30,RBFLinearRegression,"{'sig2_error': 0.560764177208353, 'mean_rbf_arbitrario': -0.32404021352392337, 'lambda_rbf_arbitrario': 0.9825633186475626}",3327.2829574377156,17.98279625256871,0,6.0
31,RBFLinearRegression,"{'sig2_error': 0.560764177208353, 'mean_rbf_arbitrario': -0.32404021352392337, 'lambda_rbf_arbitrario': 0.9825633186475626}",3376.669265095024,17.972587810686136,1,6.0
32,RBFLinearRegression,"{'sig2_error': 0.560764177208353, 'mean_rbf_arbitrario': -0.32404021352392337, 'lambda_rbf_arbitrario': 0.9825633186475626}",3802.4194888997354,17.91974482262255,2,6.0
33,RBFLinearRegression,"{'sig2_error': 0.560764177208353, 'mean_rbf_arbitrario': -0.32404021352392337, 'lambda_rbf_arbitrario': 0.9825633186475626}",3277.262965525863,17.983440611723577,3,6.0
34,RBFLinearRegression,"{'sig2_error': 0.560764177208353, 'mean_rbf_arbitrario': -0.32404021352392337, 'lambda_rbf_arbitrario': 0.9825633186475626}",3455.84488804522,17.95645358368594,4,6.0
35,RBFLinearRegression,"{'sig2_error': 0.9937272317573437, 'mean_rbf_arbitrario': -1.0, 'lambda_rbf_arbitrario': 1.0}",3324.3970267268514,18.26887558828572,0,7.0
36,RBFLinearRegression,"{'sig2_error': 0.9937272317573437, 'mean_rbf_arbitrario': -1.0, 'lambda_rbf_arbitrario': 1.0}",3373.4059150435064,18.258666792536804,1,7.0
37,RBFLinearRegression,"{'sig2_error': 0.9937272317573437, 'mean_rbf_arbitrario': -1.0, 'lambda_rbf_arbitrario': 1.0}",3799.721993249388,18.205823979224924,2,7.0
38,RBFLinearRegression,"{'sig2_error': 0.9937272317573437, 'mean_rbf_arbitrario': -1.0, 'lambda_rbf_arbitrario': 1.0}",3273.2008754976755,18.269519487038174,3,7.0
39,RBFLinearRegression,"{'sig2_error': 0.9937272317573437, 'mean_rbf_arbitrario': -1.0, 'lambda_rbf_arbitrario': 1.0}",3451.828397133676,18.242532901634014,4,7.0
40,RBFLinearRegression,"{'sig2_error': 0.4439357757606308, 'mean_rbf_arbitrario': -1.0, 'lambda_rbf_arbitrario': 1.0}",3324.489674369857,17.8659866865622,0,8.0
41,RBFLinearRegression,"{'sig2_error': 0.4439357757606308, 'mean_rbf_arbitrario': -1.0, 'lambda_rbf_arbitrario': 1.0}",3373.4822682757904,17.85577803100541,1,8.0
42,RBFLinearRegression,"{'sig2_error': 0.4439357757606308, 'mean_rbf_arbitrario': -1.0, 'lambda_rbf_arbitrario': 1.0}",3799.7568152872173,17.80293499189186,2,8.0
43,RBFLinearRegression,"{'sig2_error': 0.4439357757606308, 'mean_rbf_arbitrario': -1.0, 'lambda_rbf_arbitrario': 1.0}",3273.1913342931352,17.86663055794294,3,8.0
44,RBFLinearRegression,"{'sig2_error': 0.4439357757606308, 'mean_rbf_arbitrario': -1.0, 'lambda_rbf_arbitrario': 1.0}",3451.740187440686,17.839644024900615,4,8.0
45,RBFLinearRegression,"{'sig2_error': 1e-07, 'mean_rbf_arbitrario': 0.5541265440301101, 'lambda_rbf_arbitrario': 1.0}",3324.56701728028,,0,9.0
46,RBFLinearRegression,"{'sig2_error': 1e-07, 'mean_rbf_arbitrario': 0.5541265440301101, 'lambda_rbf_arbitrario': 1.0}",3373.5535276633964,,1,9.0
47,RBFLinearRegression,"{'sig2_error': 1e-07, 'mean_rbf_arbitrario': 0.5541265440301101, 'lambda_rbf_arbitrario': 1.0}",3799.787522656018,,2,9.0
48,RBFLinearRegression,"{'sig2_error': 1e-07, 'mean_rbf_arbitrario': 0.5541265440301101, 'lambda_rbf_arbitrario': 1.0}",3273.1865834421733,,3,9.0
49,RBFLinearRegression,"{'sig2_error': 1e-07, 'mean_rbf_arbitrario': 0.5541265440301101, 'lambda_rbf_arbitrario': 1.0}",3451.670921493671,12.33080505307945,4,9.0
50,RBFLinearRegression,"{'sig2_error': 1e-07, 'mean_rbf_arbitrario': -0.061409823751615196, 'lambda_rbf_arbitrario': 1.0}",3324.5700555945486,,0,10.0
51,RBFLinearRegression,"{'sig2_error': 1e-07, 'mean_rbf_arbitrario': -0.061409823751615196, 'lambda_rbf_arbitrario': 1.0}",3373.540717296753,,1,10.0
52,RBFLinearRegression,"{'sig2_error': 1e-07, 'mean_rbf_arbitrario': -0.061409823751615196, 'lambda_rbf_arbitrario': 1.0}",3799.7871588120215,,2,10.0
53,RBFLinearRegression,"{'sig2_error': 1e-07, 'mean_rbf_arbitrario': -0.061409823751615196, 'lambda_rbf_arbitrario': 1.0}",3273.1869958673556,,3,10.0
54,RBFLinearRegression,"{'sig2_error': 1e-07, 'mean_rbf_arbitrario': -0.061409823751615196, 'lambda_rbf_arbitrario': 1.0}",3451.6702954997913,,4,10.0
55,RBFLinearRegression,"{'sig2_error': 1.0, 'mean_rbf_arbitrario': 1.0, 'lambda_rbf_arbitrario': 1.0}",3324.395987974619,18.272021822069117,0,11.0
56,RBFLinearRegression,"{'sig2_error': 1.0, 'mean_rbf_arbitrario': 1.0, 'lambda_rbf_arbitrario': 1.0}",3373.405069076989,18.261813024732668,1,11.0
57,RBFLinearRegression,"{'sig2_error': 1.0, 'mean_rbf_arbitrario': 1.0, 'lambda_rbf_arbitrario': 1.0}",3799.7216149482338,18.208970213978137,2,11.0
58,RBFLinearRegression,"{'sig2_error': 1.0, 'mean_rbf_arbitrario': 1.0, 'lambda_rbf_arbitrario': 1.0}",3273.2010051388556,18.272665721129393,3,11.0
59,RBFLinearRegression,"{'sig2_error': 1.0, 'mean_rbf_arbitrario': 1.0, 'lambda_rbf_arbitrario': 1.0}",3451.8294176946733,18.24567913513373,4,11.0
60,RBFLinearRegression,"{'sig2_error': 0.5104878480750269, 'mean_rbf_arbitrario': 0.48798585427644975, 'lambda_rbf_arbitrario': 1.0}",3324.4782898680114,17.93582984392673,0,12.0
61,RBFLinearRegression,"{'sig2_error': 0.5104878480750269, 'mean_rbf_arbitrario': 0.48798585427644975, 'lambda_rbf_arbitrario': 1.0}",3373.472792158847,17.925621171262172,1,12.0
62,RBFLinearRegression,"{'sig2_error': 0.5104878480750269, 'mean_rbf_arbitrario': 0.48798585427644975, 'lambda_rbf_arbitrario': 1.0}",3799.7524241158417,17.872778159515835,2,12.0
63,RBFLinearRegression,"{'sig2_error': 0.5104878480750269, 'mean_rbf_arbitrario': 0.48798585427644975, 'lambda_rbf_arbitrario': 1.0}",3273.1922962814724,17.936473718660856,3,12.0
64,RBFLinearRegression,"{'sig2_error': 0.5104878480750269, 'mean_rbf_arbitrario': 0.48798585427644975, 'lambda_rbf_arbitrario': 1.0}",3451.750734084466,17.909487179168963,4,12.0
65,RBFLinearRegression,"{'sig2_error': 0.33835838169818794, 'mean_rbf_arbitrario': 1.0, 'lambda_rbf_arbitrario': 1.0}",3324.5078310320164,17.73020004304217,0,13.0
66,RBFLinearRegression,"{'sig2_error': 0.33835838169818794, 'mean_rbf_arbitrario': 1.0, 'lambda_rbf_arbitrario': 1.0}",3373.4974341738866,17.719991414792833,1,13.0
67,RBFLinearRegression,"{'sig2_error': 0.33835838169818794, 'mean_rbf_arbitrario': 1.0, 'lambda_rbf_arbitrario': 1.0}",3799.763881458492,17.66714833253755,2,13.0
68,RBFLinearRegression,"{'sig2_error': 0.33835838169818794, 'mean_rbf_arbitrario': 1.0, 'lambda_rbf_arbitrario': 1.0}",3273.189918293278,17.730843909088268,3,13.0
69,RBFLinearRegression,"{'sig2_error': 0.33835838169818794, 'mean_rbf_arbitrario': 1.0, 'lambda_rbf_arbitrario': 1.0}",3451.723530987893,17.70385738646059,4,13.0
70,RBFLinearRegression,"{'sig2_error': 1e-07, 'mean_rbf_arbitrario': -1.0, 'lambda_rbf_arbitrario': 1.0}",3324.5637435865456,,0,14.0
71,RBFLinearRegression,"{'sig2_error': 1e-07, 'mean_rbf_arbitrario': -1.0, 'lambda_rbf_arbitrario': 1.0}",3373.5450473550873,,1,14.0
72,RBFLinearRegression,"{'sig2_error': 1e-07, 'mean_rbf_arbitrario': -1.0, 'lambda_rbf_arbitrario': 1.0}",3799.787196298528,12.61139775529615,2,14.0
73,RBFLinearRegression,"{'sig2_error': 1e-07, 'mean_rbf_arbitrario': -1.0, 'lambda_rbf_arbitrario': 1.0}",3273.1884928630925,12.999696920957506,3,14.0
74,RBFLinearRegression,"{'sig2_error': 1e-07, 'mean_rbf_arbitrario': -1.0, 'lambda_rbf_arbitrario': 1.0}",3451.6702819469265,,4,14.0
75,RBFLinearRegression,"{'sig2_error': 1.0, 'mean_rbf_arbitrario': 0.09040562143419444, 'lambda_rbf_arbitrario': 1.0}",3324.395987974055,18.272021822066677,0,15.0
76,RBFLinearRegression,"{'sig2_error': 1.0, 'mean_rbf_arbitrario': 0.09040562143419444, 'lambda_rbf_arbitrario': 1.0}",3373.4050690773715,18.261813024732692,1,15.0
77,RBFLinearRegression,"{'sig2_error': 1.0, 'mean_rbf_arbitrario': 0.09040562143419444, 'lambda_rbf_arbitrario': 1.0}",3799.7216149484184,18.20897021397945,2,15.0
78,RBFLinearRegression,"{'sig2_error': 1.0, 'mean_rbf_arbitrario': 0.09040562143419444, 'lambda_rbf_arbitrario': 1.0}",3273.201005138238,18.272665721128064,3,15.0
79,RBFLinearRegression,"{'sig2_error': 1.0, 'mean_rbf_arbitrario': 0.09040562143419444, 'lambda_rbf_arbitrario': 1.0}",3451.8294176946706,18.245679135134413,4,15.0
80,RBFLinearRegression,"{'sig2_error': 1.0, 'mean_rbf_arbitrario': -0.5391265596578774, 'lambda_rbf_arbitrario': 1.0}",3324.3959879744957,18.27202182206913,0,16.0
81,RBFLinearRegression,"{'sig2_error': 1.0, 'mean_rbf_arbitrario': -0.5391265596578774, 'lambda_rbf_arbitrario': 1.0}",3373.405069076566,18.261813024733726,1,16.0
82,RBFLinearRegression,"{'sig2_error': 1.0, 'mean_rbf_arbitrario': -0.5391265596578774, 'lambda_rbf_arbitrario': 1.0}",3799.721614948263,18.20897021397823,2,16.0
83,RBFLinearRegression,"{'sig2_error': 1.0, 'mean_rbf_arbitrario': -0.5391265596578774, 'lambda_rbf_arbitrario': 1.0}",3273.201005138807,18.272665721130892,3,16.0
84,RBFLinearRegression,"{'sig2_error': 1.0, 'mean_rbf_arbitrario': -0.5391265596578774, 'lambda_rbf_arbitrario': 1.0}",3451.829417694642,18.245679135133685,4,16.0
85,RBFLinearRegression,"{'sig2_error': 1e-07, 'mean_rbf_arbitrario': -0.6002663933157126, 'lambda_rbf_arbitrario': 1.0}",3324.5689991954105,12.702548007153732,0,17.0
86,RBFLinearRegression,"{'sig2_error': 1e-07, 'mean_rbf_arbitrario': -0.6002663933157126, 'lambda_rbf_arbitrario': 1.0}",3373.5502309951485,,1,17.0
87,RBFLinearRegression,"{'sig2_error': 1e-07, 'mean_rbf_arbitrario': -0.6002663933157126, 'lambda_rbf_arbitrario': 1.0}",3799.78745046298,,2,17.0
88,RBFLinearRegression,"{'sig2_error': 1e-07, 'mean_rbf_arbitrario': -0.6002663933157126, 'lambda_rbf_arbitrario': 1.0}",3273.18827936024,12.738708921703248,3,17.0
89,RBFLinearRegression,"{'sig2_error': 1e-07, 'mean_rbf_arbitrario': -0.6002663933157126, 'lambda_rbf_arbitrario': 1.0}",3451.6710054896143,12.80343431994797,4,17.0
90,RBFLinearRegression,"{'sig2_error': 1.0, 'mean_rbf_arbitrario': 0.6129902906290723, 'lambda_rbf_arbitrario': 1.0}",3324.395987974295,18.27202182206667,0,18.0
91,RBFLinearRegression,"{'sig2_error': 1.0, 'mean_rbf_arbitrario': 0.6129902906290723, 'lambda_rbf_arbitrario': 1.0}",3373.4050690759273,18.261813024734717,1,18.0
92,RBFLinearRegression,"{'sig2_error': 1.0, 'mean_rbf_arbitrario': 0.6129902906290723, 'lambda_rbf_arbitrario': 1.0}",3799.721614948381,18.208970213979544,2,18.0
93,RBFLinearRegression,"{'sig2_error': 1.0, 'mean_rbf_arbitrario': 0.6129902906290723, 'lambda_rbf_arbitrario': 1.0}",3273.2010051387715,18.27266572113138,3,18.0
94,RBFLinearRegression,"{'sig2_error': 1.0, 'mean_rbf_arbitrario': 0.6129902906290723, 'lambda_rbf_arbitrario': 1.0}",3451.8294176946365,18.24567913513366,4,18.0
95,RBFLinearRegression,"{'sig2_error': 0.7058925880716163, 'mean_rbf_arbitrario': 1.0, 'lambda_rbf_arbitrario': 1.0}",3324.4451342408147,18.097877069605598,0,19.0
96,RBFLinearRegression,"{'sig2_error': 0.7058925880716163, 'mean_rbf_arbitrario': 1.0, 'lambda_rbf_arbitrario': 1.0}",3373.4453423158297,18.08766834692801,1,19.0
97,RBFLinearRegression,"{'sig2_error': 0.7058925880716163, 'mean_rbf_arbitrario': 1.0, 'lambda_rbf_arbitrario': 1.0}",3799.739811984135,18.03482541567633,2,19.0
98,RBFLinearRegression,"{'sig2_error': 0.7058925880716163, 'mean_rbf_arbitrario': 1.0, 'lambda_rbf_arbitrario': 1.0}",3273.195429209888,18.098520954092095,3,19.0
99,RBFLinearRegression,"{'sig2_error': 0.7058925880716163, 'mean_rbf_arbitrario': 1.0, 'lambda_rbf_arbitrario': 1.0}",3451.7819096026237,18.071534395909516,4,19.0
100,RBFLinearRegression,"{'sig2_error': 0.7511845722338228, 'mean_rbf_arbitrario': -0.7810555824525316, 'lambda_rbf_arbitrario': 1.0}",3324.437506704689,18.12897101471593,0,20.0
101,RBFLinearRegression,"{'sig2_error': 0.7511845722338228, 'mean_rbf_arbitrario': -0.7810555824525316, 'lambda_rbf_arbitrario': 1.0}",3373.4390589986533,18.118762280492184,1,20.0
102,RBFLinearRegression,"{'sig2_error': 0.7511845722338228, 'mean_rbf_arbitrario': -0.7810555824525316, 'lambda_rbf_arbitrario': 1.0}",3799.736948314478,18.06591936786891,2,20.0
103,RBFLinearRegression,"{'sig2_error': 0.7511845722338228, 'mean_rbf_arbitrario': -0.7810555824525316, 'lambda_rbf_arbitrario': 1.0}",3273.1962207706056,18.12961490145195,3,20.0
104,RBFLinearRegression,"{'sig2_error': 0.7511845722338228, 'mean_rbf_arbitrario': -0.7810555824525316, 'lambda_rbf_arbitrario': 1.0}",3451.7891800690363,18.102628338971737,4,20.0
105,RBFLinearRegression,"{'sig2_error': 1e-07, 'mean_rbf_arbitrario': 1.0, 'lambda_rbf_arbitrario': 1.0}",3324.565305178794,,0,21.0
106,RBFLinearRegression,"{'sig2_error': 1e-07, 'mean_rbf_arbitrario': 1.0, 'lambda_rbf_arbitrario': 1.0}",3373.540062801967,12.951476512116088,1,21.0
107,RBFLinearRegression,"{'sig2_error': 1e-07, 'mean_rbf_arbitrario': 1.0, 'lambda_rbf_arbitrario': 1.0}",3799.7881127832516,,2,21.0
108,RBFLinearRegression,"{'sig2_error': 1e-07, 'mean_rbf_arbitrario': 1.0, 'lambda_rbf_arbitrario': 1.0}",3273.1876911468275,,3,21.0
109,RBFLinearRegression,"{'sig2_error': 1e-07, 'mean_rbf_arbitrario': 1.0, 'lambda_rbf_arbitrario': 1.0}",3451.6706767119776,,4,21.0
110,RBFLinearRegression,"{'sig2_error': 0.6993405683985956, 'mean_rbf_arbitrario': 0.09987592908029125, 'lambda_rbf_arbitrario': 1.0}",3324.4462394409466,18.09321448044672,0,22.0
111,RBFLinearRegression,"{'sig2_error': 0.6993405683985956, 'mean_rbf_arbitrario': 0.09987592908029125, 'lambda_rbf_arbitrario': 1.0}",3373.4462537331433,18.083005759438993,1,22.0
112,RBFLinearRegression,"{'sig2_error': 0.6993405683985956, 'mean_rbf_arbitrario': 0.09987592908029125, 'lambda_rbf_arbitrario': 1.0}",3799.7402281026157,18.030162825492898,2,22.0
113,RBFLinearRegression,"{'sig2_error': 0.6993405683985956, 'mean_rbf_arbitrario': 0.09987592908029125, 'lambda_rbf_arbitrario': 1.0}",3273.195316733038,18.093858364608813,3,22.0
114,RBFLinearRegression,"{'sig2_error': 0.6993405683985956, 'mean_rbf_arbitrario': 0.09987592908029125, 'lambda_rbf_arbitrario': 1.0}",3451.780859225794,18.06687180705148,4,22.0
115,RBFLinearRegression,"{'sig2_error': 0.22761903500766503, 'mean_rbf_arbitrario': 0.21449245387131222, 'lambda_rbf_arbitrario': 1.0}",3324.5270028947784,17.531984411055728,0,23.0
116,RBFLinearRegression,"{'sig2_error': 0.22761903500766503, 'mean_rbf_arbitrario': 0.21449245387131222, 'lambda_rbf_arbitrario': 1.0}",3373.5135176701715,17.521775811653292,1,23.0
117,RBFLinearRegression,"{'sig2_error': 0.22761903500766503, 'mean_rbf_arbitrario': 0.21449245387131222, 'lambda_rbf_arbitrario': 1.0}",3799.7714253816425,17.468932685260683,2,23.0
118,RBFLinearRegression,"{'sig2_error': 0.22761903500766503, 'mean_rbf_arbitrario': 0.21449245387131222, 'lambda_rbf_arbitrario': 1.0}",3273.188578771045,17.532628271348802,3,23.0
119,RBFLinearRegression,"{'sig2_error': 0.22761903500766503, 'mean_rbf_arbitrario': 0.21449245387131222, 'lambda_rbf_arbitrario': 1.0}",3451.7061588132256,17.505641760234155,4,23.0
120,RBFLinearRegression,"{'sig2_error': 0.23489458682039835, 'mean_rbf_arbitrario': -0.8011796105935258, 'lambda_rbf_arbitrario': 1.0}",3324.525739293574,17.54771613391933,0,24.0
121,RBFLinearRegression,"{'sig2_error': 0.23489458682039835, 'mean_rbf_arbitrario': -0.8011796105935258, 'lambda_rbf_arbitrario': 1.0}",3373.5124554346626,17.53750753263632,1,24.0
122,RBFLinearRegression,"{'sig2_error': 0.23489458682039835, 'mean_rbf_arbitrario': -0.8011796105935258, 'lambda_rbf_arbitrario': 1.0}",3799.7709255839536,17.484664409075304,2,24.0
123,RBFLinearRegression,"{'sig2_error': 0.23489458682039835, 'mean_rbf_arbitrario': -0.8011796105935258, 'lambda_rbf_arbitrario': 1.0}",3273.1886621843046,17.54835999460719,3,24.0
124,RBFLinearRegression,"{'sig2_error': 0.23489458682039835, 'mean_rbf_arbitrario': -0.8011796105935258, 'lambda_rbf_arbitrario': 1.0}",3451.707297053535,17.52137348266341,4,24.0
125,RBFLinearRegression,"{'sig2_error': 0.8978672605509449, 'mean_rbf_arbitrario': -0.23221085695079527, 'lambda_rbf_arbitrario': 1.0}",3324.4129519906287,18.218155768721388,0,25.0
126,RBFLinearRegression,"{'sig2_error': 0.8978672605509449, 'mean_rbf_arbitrario': -0.23221085695079527, 'lambda_rbf_arbitrario': 1.0}",3373.4189132892225,18.207946997232007,1,25.0
127,RBFLinearRegression,"{'sig2_error': 0.8978672605509449, 'mean_rbf_arbitrario': -0.23221085695079527, 'lambda_rbf_arbitrario': 1.0}",3799.727827505681,18.15510414477003,2,25.0
128,RBFLinearRegression,"{'sig2_error': 0.8978672605509449, 'mean_rbf_arbitrario': -0.23221085695079527, 'lambda_rbf_arbitrario': 1.0}",3273.1989522875365,18.218799662734057,3,25.0
129,RBFLinearRegression,"{'sig2_error': 0.8978672605509449, 'mean_rbf_arbitrario': -0.23221085695079527, 'lambda_rbf_arbitrario': 1.0}",3451.8128405053158,18.19181308637075,4,25.0
130,RBFLinearRegression,"{'sig2_error': 0.23286716292681595, 'mean_rbf_arbitrario': 0.7381273176596532, 'lambda_rbf_arbitrario': 1.0}",3324.526091354262,17.54338180747368,0,26.0
131,RBFLinearRegression,"{'sig2_error': 0.23286716292681595, 'mean_rbf_arbitrario': 0.7381273176596532, 'lambda_rbf_arbitrario': 1.0}",3373.5127513621824,17.533173206704777,1,26.0
132,RBFLinearRegression,"{'sig2_error': 0.23286716292681595, 'mean_rbf_arbitrario': 0.7381273176596532, 'lambda_rbf_arbitrario': 1.0}",3799.7710648002753,17.48033008239594,2,26.0
133,RBFLinearRegression,"{'sig2_error': 0.23286716292681595, 'mean_rbf_arbitrario': 0.7381273176596532, 'lambda_rbf_arbitrario': 1.0}",3273.1886388763432,17.544025668061124,3,26.0
134,RBFLinearRegression,"{'sig2_error': 0.23286716292681595, 'mean_rbf_arbitrario': 0.7381273176596532, 'lambda_rbf_arbitrario': 1.0}",3451.7069798249854,17.517039156382896,4,26.0
135,RBFLinearRegression,"{'sig2_error': 0.5508804426774109, 'mean_rbf_arbitrario': 0.7635929057162437, 'lambda_rbf_arbitrario': 1.0}",3324.471403120247,17.97390514234486,0,27.0
136,RBFLinearRegression,"{'sig2_error': 0.5508804426774109, 'mean_rbf_arbitrario': 0.7635929057162437, 'lambda_rbf_arbitrario': 1.0}",3373.4670723528643,17.96369645931275,1,27.0
137,RBFLinearRegression,"{'sig2_error': 0.5508804426774109, 'mean_rbf_arbitrario': 0.7635929057162437, 'lambda_rbf_arbitrario': 1.0}",3799.7497827111156,17.910853464207133,2,27.0
138,RBFLinearRegression,"{'sig2_error': 0.5508804426774109, 'mean_rbf_arbitrario': 0.7635929057162437, 'lambda_rbf_arbitrario': 1.0}",3273.1929062288937,17.974549019102106,3,27.0
139,RBFLinearRegression,"{'sig2_error': 0.5508804426774109, 'mean_rbf_arbitrario': 0.7635929057162437, 'lambda_rbf_arbitrario': 1.0}",3451.7571528768467,17.947562475714903,4,27.0
140,RBFLinearRegression,"{'sig2_error': 0.7199392006048456, 'mean_rbf_arbitrario': 0.4080093923701442, 'lambda_rbf_arbitrario': 1.0}",3324.4427663693277,18.107728845363184,0,28.0
141,RBFLinearRegression,"{'sig2_error': 0.7199392006048456, 'mean_rbf_arbitrario': 0.4080093923701442, 'lambda_rbf_arbitrario': 1.0}",3373.443390463715,18.097520119104512,1,28.0
142,RBFLinearRegression,"{'sig2_error': 0.7199392006048456, 'mean_rbf_arbitrario': 0.4080093923701442, 'lambda_rbf_arbitrario': 1.0}",3799.738921464383,18.04467719362772,2,28.0
143,RBFLinearRegression,"{'sig2_error': 0.7199392006048456, 'mean_rbf_arbitrario': 0.4080093923701442, 'lambda_rbf_arbitrario': 1.0}",3273.195672075872,18.108372730552368,3,28.0
144,RBFLinearRegression,"{'sig2_error': 0.7199392006048456, 'mean_rbf_arbitrario': 0.4080093923701442, 'lambda_rbf_arbitrario': 1.0}",3451.7841626413483,18.08138617103534,4,28.0
145,RBFLinearRegression,"{'sig2_error': 0.40433397078469724, 'mean_rbf_arbitrario': -0.6169557458514492, 'lambda_rbf_arbitrario': 1.0}",3324.4964710076297,17.819267517243304,0,29.0
146,RBFLinearRegression,"{'sig2_error': 0.40433397078469724, 'mean_rbf_arbitrario': -0.6169557458514492, 'lambda_rbf_arbitrario': 1.0}",3373.4879378001797,17.80905887191697,1,29.0
147,RBFLinearRegression,"{'sig2_error': 0.40433397078469724, 'mean_rbf_arbitrario': -0.6169557458514492, 'lambda_rbf_arbitrario': 1.0}",3799.7594513866625,17.756215816545836,2,29.0
148,RBFLinearRegression,"{'sig2_error': 0.40433397078469724, 'mean_rbf_arbitrario': -0.6169557458514492, 'lambda_rbf_arbitrario': 1.0}",3273.190787303715,17.819911386630274,3,29.0
149,RBFLinearRegression,"{'sig2_error': 0.40433397078469724, 'mean_rbf_arbitrario': -0.6169557458514492, 'lambda_rbf_arbitrario': 1.0}",3451.7339289092893,17.79292485746814,4,29.0
150,RBFLinearRegression,"{'sig2_error': 0.8975772132246501, 'mean_rbf_arbitrario': 0.7251180462963303, 'lambda_rbf_arbitrario': 0.9995788741495285}",3324.479492429572,18.21799421997928,0,30.0
151,RBFLinearRegression,"{'sig2_error': 0.8975772132246501, 'mean_rbf_arbitrario': 0.7251180462963303, 'lambda_rbf_arbitrario': 0.9995788741495285}",3373.494980890529,18.207785454511676,1,30.0
152,RBFLinearRegression,"{'sig2_error': 0.8975772132246501, 'mean_rbf_arbitrario': 0.7251180462963303, 'lambda_rbf_arbitrario': 0.9995788741495285}",3799.7911110207606,18.154942601997654,2,30.0
153,RBFLinearRegression,"{'sig2_error': 0.8975772132246501, 'mean_rbf_arbitrario': 0.7251180462963303, 'lambda_rbf_arbitrario': 0.9995788741495285}",3273.2954601156257,18.218638125598005,3,30.0
154,RBFLinearRegression,"{'sig2_error': 0.8975772132246501, 'mean_rbf_arbitrario': 0.7251180462963303, 'lambda_rbf_arbitrario': 0.9995788741495285}",3451.909777920135,18.19165153763988,4,30.0
155,RBFLinearRegression,"{'sig2_error': 0.044805652014184294, 'mean_rbf_arbitrario': 0.18616514069085158, 'lambda_rbf_arbitrario': 1.0}",3324.5589393771056,16.71931582385974,0,31.0
156,RBFLinearRegression,"{'sig2_error': 0.044805652014184294, 'mean_rbf_arbitrario': 0.18616514069085158, 'lambda_rbf_arbitrario': 1.0}",3373.5404655656707,16.709107276270675,1,31.0
157,RBFLinearRegression,"{'sig2_error': 0.044805652014184294, 'mean_rbf_arbitrario': 0.18616514069085158, 'lambda_rbf_arbitrario': 1.0}",3799.784176703782,16.656264107559583,2,31.0
158,RBFLinearRegression,"{'sig2_error': 0.044805652014184294, 'mean_rbf_arbitrario': 0.18616514069085158, 'lambda_rbf_arbitrario': 1.0}",3273.1866957793577,16.719959672617637,3,31.0
159,RBFLinearRegression,"{'sig2_error': 0.044805652014184294, 'mean_rbf_arbitrario': 0.18616514069085158, 'lambda_rbf_arbitrario': 1.0}",3451.6777020433183,16.692973193149676,4,31.0
160,RBFLinearRegression,"{'sig2_error': 0.2457193111975472, 'mean_rbf_arbitrario': -0.36660665978919066, 'lambda_rbf_arbitrario': 1.0}",3324.5238603240746,17.570242596023952,0,32.0
161,RBFLinearRegression,"{'sig2_error': 0.2457193111975472, 'mean_rbf_arbitrario': -0.36660665978919066, 'lambda_rbf_arbitrario': 1.0}",3373.5108764739207,17.56003399191001,1,32.0
162,RBFLinearRegression,"{'sig2_error': 0.2457193111975472, 'mean_rbf_arbitrario': -0.36660665978919066, 'lambda_rbf_arbitrario': 1.0}",3799.770183056217,17.507190872616214,2,32.0
163,RBFLinearRegression,"{'sig2_error': 0.2457193111975472, 'mean_rbf_arbitrario': -0.36660665978919066, 'lambda_rbf_arbitrario': 1.0}",3273.1887874854365,17.570886457299835,3,32.0
164,RBFLinearRegression,"{'sig2_error': 0.2457193111975472, 'mean_rbf_arbitrario': -0.36660665978919066, 'lambda_rbf_arbitrario': 1.0}",3451.7089913631567,17.543899944204462,4,32.0
165,RBFLinearRegression,"{'sig2_error': 0.09613708061743208, 'mean_rbf_arbitrario': -0.9333272519014959, 'lambda_rbf_arbitrario': 0.9988060494098613}",3324.7386745784056,17.10103591791941,0,33.0
166,RBFLinearRegression,"{'sig2_error': 0.09613708061743208, 'mean_rbf_arbitrario': -0.9333272519014959, 'lambda_rbf_arbitrario': 0.9988060494098613}",3373.7479138934,17.090827370966156,1,33.0
167,RBFLinearRegression,"{'sig2_error': 0.09613708061743208, 'mean_rbf_arbitrario': -0.9333272519014959, 'lambda_rbf_arbitrario': 0.9988060494098613}",3799.9599412912894,17.037984200769987,2,33.0
168,RBFLinearRegression,"{'sig2_error': 0.09613708061743208, 'mean_rbf_arbitrario': -0.9333272519014959, 'lambda_rbf_arbitrario': 0.9988060494098613}",3273.46150128879,17.101679803835452,3,33.0
169,RBFLinearRegression,"{'sig2_error': 0.09613708061743208, 'mean_rbf_arbitrario': -0.9333272519014959, 'lambda_rbf_arbitrario': 0.9988060494098613}",3451.961017466915,17.074693276889963,4,33.0
170,RBFLinearRegression,"{'sig2_error': 0.8729830750428529, 'mean_rbf_arbitrario': 0.020299495869823263, 'lambda_rbf_arbitrario': 0.9984495352019176}",3324.662256834073,18.20410283224386,0,34.0
171,RBFLinearRegression,"{'sig2_error': 0.8729830750428529, 'mean_rbf_arbitrario': 0.020299495869823263, 'lambda_rbf_arbitrario': 0.9984495352019176}",3373.7025448490776,18.193894088941065,1,34.0
172,RBFLinearRegression,"{'sig2_error': 0.8729830750428529, 'mean_rbf_arbitrario': 0.020299495869823263, 'lambda_rbf_arbitrario': 0.9984495352019176}",3799.9625800773133,18.141051226546978,2,34.0
173,RBFLinearRegression,"{'sig2_error': 0.8729830750428529, 'mean_rbf_arbitrario': 0.020299495869823263, 'lambda_rbf_arbitrario': 0.9984495352019176}",3273.5542378901655,18.20474676781229,3,34.0
174,RBFLinearRegression,"{'sig2_error': 0.8729830750428529, 'mean_rbf_arbitrario': 0.020299495869823263, 'lambda_rbf_arbitrario': 0.9984495352019176}",3452.166295098452,18.17776015099145,4,34.0
175,RBFLinearRegression,"{'sig2_error': 0.1398832989400018, 'mean_rbf_arbitrario': 0.9100881229682585, 'lambda_rbf_arbitrario': 0.9989695002976606}",3324.705150141198,17.28855240143949,0,35.0
176,RBFLinearRegression,"{'sig2_error': 0.1398832989400018, 'mean_rbf_arbitrario': 0.9100881229682585, 'lambda_rbf_arbitrario': 0.9989695002976606}",3373.7120103428706,17.27834383985158,1,35.0
177,RBFLinearRegression,"{'sig2_error': 0.1398832989400018, 'mean_rbf_arbitrario': 0.9100881229682585, 'lambda_rbf_arbitrario': 0.9989695002976606}",3799.932301788442,17.225500681918263,2,35.0
178,RBFLinearRegression,"{'sig2_error': 0.1398832989400018, 'mean_rbf_arbitrario': 0.9100881229682585, 'lambda_rbf_arbitrario': 0.9989695002976606}",3273.424326021444,17.28919628553296,3,35.0
179,RBFLinearRegression,"{'sig2_error': 0.1398832989400018, 'mean_rbf_arbitrario': 0.9100881229682585, 'lambda_rbf_arbitrario': 0.9989695002976606}",3451.9300776271257,17.262209756169707,4,35.0
180,RBFLinearRegression,"{'sig2_error': 0.11955047539646031, 'mean_rbf_arbitrario': 0.5010215000420749, 'lambda_rbf_arbitrario': 0.9994239856610049}",3324.6368229250925,17.210017593798625,0,36.0
181,RBFLinearRegression,"{'sig2_error': 0.11955047539646031, 'mean_rbf_arbitrario': 0.5010215000420749, 'lambda_rbf_arbitrario': 0.9994239856610049}",3373.6330836512143,17.199809031352387,1,36.0
182,RBFLinearRegression,"{'sig2_error': 0.11955047539646031, 'mean_rbf_arbitrario': 0.5010215000420749, 'lambda_rbf_arbitrario': 0.9994239856610049}",3799.8654012689904,17.14696586708655,2,36.0
183,RBFLinearRegression,"{'sig2_error': 0.11955047539646031, 'mean_rbf_arbitrario': 0.5010215000420749, 'lambda_rbf_arbitrario': 0.9994239856610049}",3273.3196685370076,17.210661463940014,3,36.0
184,RBFLinearRegression,"{'sig2_error': 0.11955047539646031, 'mean_rbf_arbitrario': 0.5010215000420749, 'lambda_rbf_arbitrario': 0.9994239856610049}",3451.8220610605695,17.183674950116025,4,36.0
185,RBFLinearRegression,"{'sig2_error': 0.6638412389968231, 'mean_rbf_arbitrario': -0.014925263586783144, 'lambda_rbf_arbitrario': 0.999970160131452}",3324.456944781147,18.06716723180292,0,37.0
186,RBFLinearRegression,"{'sig2_error': 0.6638412389968231, 'mean_rbf_arbitrario': -0.014925263586783144, 'lambda_rbf_arbitrario': 0.999970160131452}",3373.4565827391343,18.056958520274712,1,37.0
187,RBFLinearRegression,"{'sig2_error': 0.6638412389968231, 'mean_rbf_arbitrario': -0.014925263586783144, 'lambda_rbf_arbitrario': 0.999970160131452}",3799.746970634927,18.00411557171846,2,37.0
188,RBFLinearRegression,"{'sig2_error': 0.6638412389968231, 'mean_rbf_arbitrario': -0.014925263586783144, 'lambda_rbf_arbitrario': 0.999970160131452}",3273.2015556201436,18.067811115021883,3,37.0
189,RBFLinearRegression,"{'sig2_error': 0.6638412389968231, 'mean_rbf_arbitrario': -0.014925263586783144, 'lambda_rbf_arbitrario': 0.999970160131452}",3451.7820449296455,18.040824560012204,4,37.0
190,RBFLinearRegression,"{'sig2_error': 0.8981047722977051, 'mean_rbf_arbitrario': -0.9634234657376144, 'lambda_rbf_arbitrario': 0.9905916018288313}",3325.915360790889,18.218287929698665,0,38.0
191,RBFLinearRegression,"{'sig2_error': 0.8981047722977051, 'mean_rbf_arbitrario': -0.9634234657376144, 'lambda_rbf_arbitrario': 0.9905916018288313}",3375.134343523193,18.208079290503445,1,38.0
192,RBFLinearRegression,"{'sig2_error': 0.8981047722977051, 'mean_rbf_arbitrario': -0.9634234657376144, 'lambda_rbf_arbitrario': 0.9905916018288313}",3801.155874447406,18.155236439346012,2,38.0
193,RBFLinearRegression,"{'sig2_error': 0.8981047722977051, 'mean_rbf_arbitrario': -0.9634234657376144, 'lambda_rbf_arbitrario': 0.9905916018288313}",3275.3752495347735,18.218932083316204,3,38.0
194,RBFLinearRegression,"{'sig2_error': 0.8981047722977051, 'mean_rbf_arbitrario': -0.9634234657376144, 'lambda_rbf_arbitrario': 0.9905916018288313}",3453.999286102871,18.191945246875985,4,38.0
195,RBFLinearRegression,"{'sig2_error': 0.5242075150013892, 'mean_rbf_arbitrario': -0.6840486664437659, 'lambda_rbf_arbitrario': 0.9998238303739189}",3324.5037586050976,17.949090175586885,0,39.0
196,RBFLinearRegression,"{'sig2_error': 0.5242075150013892, 'mean_rbf_arbitrario': -0.6840486664437659, 'lambda_rbf_arbitrario': 0.9998238303739189}",3373.50259774341,17.938881501870316,1,39.0
197,RBFLinearRegression,"{'sig2_error': 0.5242075150013892, 'mean_rbf_arbitrario': -0.6840486664437659, 'lambda_rbf_arbitrario': 0.9998238303739189}",3799.7779737723513,17.886038495818827,2,39.0
198,RBFLinearRegression,"{'sig2_error': 0.5242075150013892, 'mean_rbf_arbitrario': -0.6840486664437659, 'lambda_rbf_arbitrario': 0.9998238303739189}",3273.2328978084497,17.949734055879514,3,39.0
199,RBFLinearRegression,"{'sig2_error': 0.5242075150013892, 'mean_rbf_arbitrario': -0.6840486664437659, 'lambda_rbf_arbitrario': 0.9998238303739189}",3451.793486417689,17.922747510190952,4,39.0
200,RBFLinearRegression,"{'sig2_error': 0.47612453431941704, 'mean_rbf_arbitrario': 0.17478864897022245, 'lambda_rbf_arbitrario': 0.9981356519050407}",3324.7790957061284,17.900986290795736,0,40.0
201,RBFLinearRegression,"{'sig2_error': 0.47612453431941704, 'mean_rbf_arbitrario': 0.17478864897022245, 'lambda_rbf_arbitrario': 0.9981356519050407}",3373.8142509303148,17.89077765315071,1,40.0
202,RBFLinearRegression,"{'sig2_error': 0.47612453431941704, 'mean_rbf_arbitrario': 0.17478864897022245, 'lambda_rbf_arbitrario': 0.9981356519050407}",3800.0351127945332,17.83793462773848,2,40.0
203,RBFLinearRegression,"{'sig2_error': 0.47612453431941704, 'mean_rbf_arbitrario': 0.17478864897022245, 'lambda_rbf_arbitrario': 0.9981356519050407}",3273.620084371534,17.90163021535353,3,40.0
204,RBFLinearRegression,"{'sig2_error': 0.47612453431941704, 'mean_rbf_arbitrario': 0.17478864897022245, 'lambda_rbf_arbitrario': 0.9981356519050407}",3452.17540653658,17.8746436275739,4,40.0
205,RBFLinearRegression,"{'sig2_error': 0.7829436265578992, 'mean_rbf_arbitrario': -0.48525521415444445, 'lambda_rbf_arbitrario': 0.9994056257742359}",3324.5260409256657,18.149675516860736,0,41.0
206,RBFLinearRegression,"{'sig2_error': 0.7829436265578992, 'mean_rbf_arbitrario': -0.48525521415444445, 'lambda_rbf_arbitrario': 0.9994056257742359}",3373.5419503482563,18.13946678293692,1,41.0
207,RBFLinearRegression,"{'sig2_error': 0.7829436265578992, 'mean_rbf_arbitrario': -0.48525521415444445, 'lambda_rbf_arbitrario': 0.9994056257742359}",3799.8242541709305,18.08662388347657,2,41.0
208,RBFLinearRegression,"{'sig2_error': 0.7829436265578992, 'mean_rbf_arbitrario': -0.48525521415444445, 'lambda_rbf_arbitrario': 0.9994056257742359}",3273.333066530129,18.150319421593128,3,41.0
209,RBFLinearRegression,"{'sig2_error': 0.7829436265578992, 'mean_rbf_arbitrario': -0.48525521415444445, 'lambda_rbf_arbitrario': 0.9994056257742359}",3451.931207611663,18.123332839678444,4,41.0
210,RBFLinearRegression,"{'sig2_error': 0.3909838073487795, 'mean_rbf_arbitrario': 0.031146168216955594, 'lambda_rbf_arbitrario': 0.9899415293815501}",3326.1065788250257,17.80247995106764,0,42.0
211,RBFLinearRegression,"{'sig2_error': 0.3909838073487795, 'mean_rbf_arbitrario': 0.031146168216955594, 'lambda_rbf_arbitrario': 0.9899415293815501}",3375.3216263376244,17.79227144991061,1,42.0
212,RBFLinearRegression,"{'sig2_error': 0.3909838073487795, 'mean_rbf_arbitrario': 0.031146168216955594, 'lambda_rbf_arbitrario': 0.9899415293815501}",3801.2874557494256,17.739428391507918,2,42.0
213,RBFLinearRegression,"{'sig2_error': 0.3909838073487795, 'mean_rbf_arbitrario': 0.031146168216955594, 'lambda_rbf_arbitrario': 0.9899415293815501}",3275.5213410827437,17.803124098020614,3,42.0
214,RBFLinearRegression,"{'sig2_error': 0.3909838073487795, 'mean_rbf_arbitrario': 0.031146168216955594, 'lambda_rbf_arbitrario': 0.9899415293815501}",3454.071769139236,17.776137291168457,4,42.0
215,RBFLinearRegression,"{'sig2_error': 0.5768637439715767, 'mean_rbf_arbitrario': -0.9056138848428472, 'lambda_rbf_arbitrario': 0.9984623637488954}",3324.710124179675,17.99694915237091,0,43.0
216,RBFLinearRegression,"{'sig2_error': 0.5768637439715767, 'mean_rbf_arbitrario': -0.9056138848428472, 'lambda_rbf_arbitrario': 0.9984623637488954}",3373.7410057746383,17.986740484301798,1,43.0
217,RBFLinearRegression,"{'sig2_error': 0.5768637439715767, 'mean_rbf_arbitrario': -0.9056138848428472, 'lambda_rbf_arbitrario': 0.9984623637488954}",3799.979314546072,17.933897500260393,2,43.0
218,RBFLinearRegression,"{'sig2_error': 0.5768637439715767, 'mean_rbf_arbitrario': -0.9056138848428472, 'lambda_rbf_arbitrario': 0.9984623637488954}",3273.546350893241,17.997593072924857,3,43.0
219,RBFLinearRegression,"{'sig2_error': 0.5768637439715767, 'mean_rbf_arbitrario': -0.9056138848428472, 'lambda_rbf_arbitrario': 0.9984623637488954}",3452.115891304886,17.970606484511958,4,43.0
220,RBFLinearRegression,"{'sig2_error': 0.011283245457579362, 'mean_rbf_arbitrario': 0.7441997973180643, 'lambda_rbf_arbitrario': 0.9821038941254865}",3327.4543636895237,16.029808409878033,0,44.0
221,RBFLinearRegression,"{'sig2_error': 0.011283245457579362, 'mean_rbf_arbitrario': 0.7441997973180643, 'lambda_rbf_arbitrario': 0.9821038941254865}",3376.828116992442,16.01960012382956,1,44.0
222,RBFLinearRegression,"{'sig2_error': 0.011283245457579362, 'mean_rbf_arbitrario': 0.7441997973180643, 'lambda_rbf_arbitrario': 0.9821038941254865}",3802.5272027731244,15.966757091900527,2,44.0
223,RBFLinearRegression,"{'sig2_error': 0.011283245457579362, 'mean_rbf_arbitrario': 0.7441997973180643, 'lambda_rbf_arbitrario': 0.9821038941254865}",3277.3704007616725,16.030452745415293,3,44.0
224,RBFLinearRegression,"{'sig2_error': 0.011283245457579362, 'mean_rbf_arbitrario': 0.7441997973180643, 'lambda_rbf_arbitrario': 0.9821038941254865}",3455.8700826917234,16.003465822500125,4,44.0
225,RBFLinearRegression,"{'sig2_error': 0.9416319134973715, 'mean_rbf_arbitrario': -0.8003586975096673, 'lambda_rbf_arbitrario': 0.9968222269585086}",3324.909152600513,18.241951644346912,0,45.0
226,RBFLinearRegression,"{'sig2_error': 0.9416319134973715, 'mean_rbf_arbitrario': -0.8003586975096673, 'lambda_rbf_arbitrario': 0.9968222269585086}",3373.988501243086,18.231742906603007,1,45.0
227,RBFLinearRegression,"{'sig2_error': 0.9416319134973715, 'mean_rbf_arbitrario': -0.8003586975096673, 'lambda_rbf_arbitrario': 0.9968222269585086}",3800.204076980605,18.178900072492695,2,45.0
228,RBFLinearRegression,"{'sig2_error': 0.9416319134973715, 'mean_rbf_arbitrario': -0.8003586975096673, 'lambda_rbf_arbitrario': 0.9968222269585086}",3273.9301001415506,18.242595628188965,3,45.0
229,RBFLinearRegression,"{'sig2_error': 0.9416319134973715, 'mean_rbf_arbitrario': -0.8003586975096673, 'lambda_rbf_arbitrario': 0.9968222269585086}",3452.553770774529,18.215608959976223,4,45.0
230,RBFLinearRegression,"{'sig2_error': 0.01921637479955009, 'mean_rbf_arbitrario': -0.29180994428966023, 'lambda_rbf_arbitrario': 0.9973070609695601}",3324.989950955668,16.296030289411753,0,46.0
231,RBFLinearRegression,"{'sig2_error': 0.01921637479955009, 'mean_rbf_arbitrario': -0.29180994428966023, 'lambda_rbf_arbitrario': 0.9973070609695601}",3374.030006571551,16.285821792706482,1,46.0
232,RBFLinearRegression,"{'sig2_error': 0.01921637479955009, 'mean_rbf_arbitrario': -0.29180994428966023, 'lambda_rbf_arbitrario': 0.9973070609695601}",3800.19124877443,16.23297867739589,2,46.0
233,RBFLinearRegression,"{'sig2_error': 0.01921637479955009, 'mean_rbf_arbitrario': -0.29180994428966023, 'lambda_rbf_arbitrario': 0.9973070609695601}",3273.8062435596958,16.29667421142968,3,46.0
234,RBFLinearRegression,"{'sig2_error': 0.01921637479955009, 'mean_rbf_arbitrario': -0.29180994428966023, 'lambda_rbf_arbitrario': 0.9973070609695601}",3452.295768839,16.26968767726557,4,46.0
235,RBFLinearRegression,"{'sig2_error': 0.9545867918404742, 'mean_rbf_arbitrario': 0.2642153981752202, 'lambda_rbf_arbitrario': 0.9957953612062856}",3325.0705573472846,18.24878363618793,0,47.0
236,RBFLinearRegression,"{'sig2_error': 0.9545867918404742, 'mean_rbf_arbitrario': 0.2642153981752202, 'lambda_rbf_arbitrario': 0.9957953612062856}",3374.1736234460336,18.238574909636228,1,47.0
237,RBFLinearRegression,"{'sig2_error': 0.9545867918404742, 'mean_rbf_arbitrario': 0.2642153981752202, 'lambda_rbf_arbitrario': 0.9957953612062856}",3800.3588026684483,18.185732080933047,2,47.0
238,RBFLinearRegression,"{'sig2_error': 0.9545867918404742, 'mean_rbf_arbitrario': 0.2642153981752202, 'lambda_rbf_arbitrario': 0.9957953612062856}",3274.1673411217002,18.249427648989165,3,47.0
239,RBFLinearRegression,"{'sig2_error': 0.9545867918404742, 'mean_rbf_arbitrario': 0.2642153981752202, 'lambda_rbf_arbitrario': 0.9957953612062856}",3452.793998253752,18.22244095119962,4,47.0
240,RBFLinearRegression,"{'sig2_error': 0.2170238198276209, 'mean_rbf_arbitrario': -0.9634051521440536, 'lambda_rbf_arbitrario': 0.9982456359403858}",3324.806359422836,17.50815133444372,0,48.0
241,RBFLinearRegression,"{'sig2_error': 0.2170238198276209, 'mean_rbf_arbitrario': -0.9634051521440536, 'lambda_rbf_arbitrario': 0.9982456359403858}",3373.831424838853,17.49794276239308,1,48.0
242,RBFLinearRegression,"{'sig2_error': 0.2170238198276209, 'mean_rbf_arbitrario': -0.9634051521440536, 'lambda_rbf_arbitrario': 0.9982456359403858}",3800.0359364066585,17.445099632506743,2,48.0
243,RBFLinearRegression,"{'sig2_error': 0.2170238198276209, 'mean_rbf_arbitrario': -0.9634051521440536, 'lambda_rbf_arbitrario': 0.9982456359403858}",3273.591662590077,17.50879524275796,3,48.0
244,RBFLinearRegression,"{'sig2_error': 0.2170238198276209, 'mean_rbf_arbitrario': -0.9634051521440536, 'lambda_rbf_arbitrario': 0.9982456359403858}",3452.1092886807164,17.481808684158214,4,48.0
245,RBFLinearRegression,"{'sig2_error': 0.23422011827417488, 'mean_rbf_arbitrario': -0.52578505358628, 'lambda_rbf_arbitrario': 0.9986368839951826}",3324.7413744906166,17.546278374033054,0,49.0
246,RBFLinearRegression,"{'sig2_error': 0.23422011827417488, 'mean_rbf_arbitrario': -0.52578505358628, 'lambda_rbf_arbitrario': 0.9986368839951826}",3373.7582709219546,17.536069792007137,1,49.0
247,RBFLinearRegression,"{'sig2_error': 0.23422011827417488, 'mean_rbf_arbitrario': -0.52578505358628, 'lambda_rbf_arbitrario': 0.9986368839951826}",3799.975838697564,17.483226668665107,2,49.0
248,RBFLinearRegression,"{'sig2_error': 0.23422011827417488, 'mean_rbf_arbitrario': -0.52578505358628, 'lambda_rbf_arbitrario': 0.9986368839951826}",3273.5018006703685,17.546922272433267,3,49.0
249,RBFLinearRegression,"{'sig2_error': 0.23422011827417488, 'mean_rbf_arbitrario': -0.52578505358628, 'lambda_rbf_arbitrario': 0.9986368839951826}",3452.021577289023,17.519935722773358,4,49.0
250,RBFLinearRegression,"{'sig2_error': 0.30098785684353896, 'mean_rbf_arbitrario': -0.18571115253944082, 'lambda_rbf_arbitrario': 0.997684177144339}",3324.8808676009266,17.671682336637762,0,50.0
251,RBFLinearRegression,"{'sig2_error': 0.30098785684353896, 'mean_rbf_arbitrario': -0.18571115253944082, 'lambda_rbf_arbitrario': 0.997684177144339}",3373.9208434450984,17.661473750562852,1,50.0
252,RBFLinearRegression,"{'sig2_error': 0.30098785684353896, 'mean_rbf_arbitrario': -0.18571115253944082, 'lambda_rbf_arbitrario': 0.997684177144339}",3800.114867322436,17.60863065389422,2,50.0
253,RBFLinearRegression,"{'sig2_error': 0.30098785684353896, 'mean_rbf_arbitrario': -0.18571115253944082, 'lambda_rbf_arbitrario': 0.997684177144339}",3273.7219045603674,17.672326264854696,3,50.0
254,RBFLinearRegression,"{'sig2_error': 0.30098785684353896, 'mean_rbf_arbitrario': -0.18571115253944082, 'lambda_rbf_arbitrario': 0.997684177144339}",3452.252255731617,17.645339681827327,4,50.0
255,RBFLinearRegression,"{'sig2_error': 0.25826822294926355, 'mean_rbf_arbitrario': 0.3762265440534671, 'lambda_rbf_arbitrario': 0.9979219600498203}",3324.8505304912906,17.595146912880463,0,51.0
256,RBFLinearRegression,"{'sig2_error': 0.25826822294926355, 'mean_rbf_arbitrario': 0.3762265440534671, 'lambda_rbf_arbitrario': 0.9979219600498203}",3373.8839692984466,17.58493833460599,1,51.0
257,RBFLinearRegression,"{'sig2_error': 0.25826822294926355, 'mean_rbf_arbitrario': 0.3762265440534671, 'lambda_rbf_arbitrario': 0.9979219600498203}",3800.0819020047716,17.532095220883985,2,51.0
258,RBFLinearRegression,"{'sig2_error': 0.25826822294926355, 'mean_rbf_arbitrario': 0.3762265440534671, 'lambda_rbf_arbitrario': 0.9979219600498203}",3273.66664544667,17.59579083236973,3,51.0
259,RBFLinearRegression,"{'sig2_error': 0.25826822294926355, 'mean_rbf_arbitrario': 0.3762265440534671, 'lambda_rbf_arbitrario': 0.9979219600498203}",3452.1905657547454,17.568804260305473,4,51.0
260,RBFLinearRegression,"{'sig2_error': 0.8530122986270205, 'mean_rbf_arbitrario': -0.32092783394015223, 'lambda_rbf_arbitrario': 0.9992684278717942}",3324.5359921945656,18.19253182942744,0,52.0
261,RBFLinearRegression,"{'sig2_error': 0.8530122986270205, 'mean_rbf_arbitrario': -0.32092783394015223, 'lambda_rbf_arbitrario': 0.9992684278717942}",3373.5571383642696,18.182323079639,1,52.0
262,RBFLinearRegression,"{'sig2_error': 0.8530122986270205, 'mean_rbf_arbitrario': -0.32092783394015223, 'lambda_rbf_arbitrario': 0.9992684278717942}",3799.8405300558234,18.12948020893428,2,52.0
263,RBFLinearRegression,"{'sig2_error': 0.8530122986270205, 'mean_rbf_arbitrario': -0.32092783394015223, 'lambda_rbf_arbitrario': 0.9992684278717942}",3273.3658207846624,18.193175741409437,3,52.0
264,RBFLinearRegression,"{'sig2_error': 0.8530122986270205, 'mean_rbf_arbitrario': -0.32092783394015223, 'lambda_rbf_arbitrario': 0.9992684278717942}",3451.974124745511,18.166189149084587,4,52.0
265,RBFLinearRegression,"{'sig2_error': 0.7332595378800899, 'mean_rbf_arbitrario': 0.4704119943758045, 'lambda_rbf_arbitrario': 0.9994133462922751}",3324.533173697862,18.116895254018026,0,53.0
266,RBFLinearRegression,"{'sig2_error': 0.7332595378800899, 'mean_rbf_arbitrario': 0.4704119943758045, 'lambda_rbf_arbitrario': 0.9994133462922751}",3373.547407355,18.106686532629656,1,53.0
267,RBFLinearRegression,"{'sig2_error': 0.7332595378800899, 'mean_rbf_arbitrario': 0.4704119943758045, 'lambda_rbf_arbitrario': 0.9994133462922751}",3799.8262144914715,18.05384361275636,2,53.0
268,RBFLinearRegression,"{'sig2_error': 0.7332595378800899, 'mean_rbf_arbitrario': 0.4704119943758045, 'lambda_rbf_arbitrario': 0.9994133462922751}",3273.330423726774,18.117539156070247,3,53.0
269,RBFLinearRegression,"{'sig2_error': 0.7332595378800899, 'mean_rbf_arbitrario': 0.4704119943758045, 'lambda_rbf_arbitrario': 0.9994133462922751}",3451.921446006412,18.09055257907542,4,53.0
270,RBFLinearRegression,"{'sig2_error': 0.9991349825432932, 'mean_rbf_arbitrario': -0.22354189076404674, 'lambda_rbf_arbitrario': 0.9954509266641903}",3325.1181183702834,18.271589090067437,0,54.0
271,RBFLinearRegression,"{'sig2_error': 0.9991349825432932, 'mean_rbf_arbitrario': -0.22354189076404674, 'lambda_rbf_arbitrario': 0.9954509266641903}",3374.2305083007673,18.26138035712733,1,54.0
272,RBFLinearRegression,"{'sig2_error': 0.9991349825432932, 'mean_rbf_arbitrario': -0.22354189076404674, 'lambda_rbf_arbitrario': 0.9954509266641903}",3800.408378708065,18.208537546597267,2,54.0
273,RBFLinearRegression,"{'sig2_error': 0.9991349825432932, 'mean_rbf_arbitrario': -0.22354189076404674, 'lambda_rbf_arbitrario': 0.9954509266641903}",3274.247760340071,18.27223311454134,3,54.0
274,RBFLinearRegression,"{'sig2_error': 0.9991349825432932, 'mean_rbf_arbitrario': -0.22354189076404674, 'lambda_rbf_arbitrario': 0.9954509266641903}",3452.8811865837624,18.24524640307427,4,54.0
